{"err_train": 0.0, "err_test": 3.9600000381469727, "estimator": {"_type": "histogram", "values": [6, 4983, 9, 1, 0, 0, 0, 0, 0, 0, 0, 0, 0, 0, 0, 0, 0, 0, 0, 0, 0, 0, 0, 0, 0, 0, 0, 0, 0, 0, 0, 1], "bins": [-0.05259004980325699, -0.019946832209825516, 0.012696383520960808, 0.04533959925174713, 0.0779828205704689, 0.11062603443861008, 0.14326925575733185, 0.17591246962547302, 0.2085556834936142, 0.24119889736175537, 0.27384212613105774, 0.3064853250980377, 0.3391285538673401, 0.37177178263664246, 0.40441498160362244, 0.4370582103729248, 0.4697014093399048, 0.5023446083068848, 0.5349878668785095, 0.5676310658454895, 0.6002742648124695, 0.6329175233840942, 0.6655607223510742, 0.6982039213180542, 0.730847179889679, 0.7634903788566589, 0.7961335778236389, 0.8287767767906189, 0.8614200353622437, 0.8940632343292236, 0.9267064332962036, 0.9593496918678284, 0.9919928908348083]}, "est_error": 0.1265476644039154, "difference": {"_type": "histogram", "values": [1, 0, 0, 0, 1, 0, 1, 1, 1, 0, 1, 1, 1, 3, 2, 3, 4971, 1, 2, 0, 0, 3, 0, 1, 1, 2, 0, 1, 1, 0, 0, 1], "bins": [-0.05259004980325699, -0.04948214814066887, -0.04637425020337105, -0.04326634854078293, -0.04015845060348511, -0.03705054894089699, -0.03394265100359917, -0.030834749341011047, -0.027726849541068077, -0.024618949741125107, -0.021511049941182137, -0.018403150141239166, -0.015295249409973621, -0.012187349610030651, -0.009079448878765106, -0.005971549078822136, -0.0028636492788791656, 0.0002442507538944483, 0.003352150786668062, 0.00646005105227232, 0.00956795085221529, 0.01267585065215826, 0.015783751383423805, 0.018891651183366776, 0.021999550983309746, 0.025107450783252716, 0.028215350583195686, 0.03132325038313866, 0.034431152045726776, 0.0375390499830246, 0.04064695164561272, 0.04375484958291054, 0.04686275124549866]}, "aspect_ratio": 50.0, "_timestamp": 1656510432, "_runtime": 9, "_step": 0, "_wandb": {"runtime": 6}}