{"accuracy": 0.13591359555721283, "loss": 31.518417358398438, "train_accuracy": 0.1796875, "Accuracy T-shirt or top": 0.0, "Accuracy Trouser": 0.0, "Accuracy Pullover": 0.0, "Accuracy Dress": 0.0019550342112779617, "Accuracy Coat": 0.0, "Accuracy Sandal": 0.9961051344871521, "Accuracy Shirt": 0.34468525648117065, "Accuracy Sneaker": 0.0, "Accuracy Bag": 0.0, "Accuracy Boot": 0.0, "_timestamp": 1655477714, "_runtime": 71, "_step": 1}