{"accuracy": 0.8015000224113464, "loss": 0.44299986958503723, "train_accuracy": 1.0, "Accuracy T-shirt or top": 0.7609999775886536, "Accuracy Trouser": 0.8420000076293945, "Accuracy Pullover": NaN, "Accuracy Dress": NaN, "Accuracy Coat": NaN, "Accuracy Sandal": NaN, "Accuracy Shirt": NaN, "Accuracy Sneaker": NaN, "Accuracy Bag": NaN, "Accuracy Boot": NaN, "margin_ratio": 0.0, "_timestamp": 1656584557, "_runtime": 1195, "_step": 999, "gradients/fc1.bias": {"_type": "histogram", "values": [1.0, 0.0, 0.0, 0.0, 0.0, 0.0, 0.0, 0.0, 0.0, 0.0, 0.0, 0.0, 0.0, 0.0, 0.0, 0.0, 0.0, 0.0, 0.0, 0.0, 0.0, 0.0, 0.0, 0.0, 0.0, 0.0, 0.0, 0.0, 0.0, 0.0, 0.0, 0.0, 0.0, 0.0, 0.0, 0.0, 0.0, 0.0, 0.0, 0.0, 0.0, 0.0, 0.0, 0.0, 0.0, 0.0, 0.0, 0.0, 0.0, 0.0, 0.0, 0.0, 0.0, 0.0, 0.0, 0.0, 0.0, 0.0, 0.0, 0.0, 0.0, 0.0, 0.0, 1.0], "bins": [-0.0018612543353810906, -0.0018030900973826647, -0.0017449259757995605, -0.0016867617378011346, -0.0016285974998027086, -0.0015704333782196045, -0.0015122691402211785, -0.0014541049022227526, -0.0013959407806396484, -0.0013377765426412225, -0.0012796124210581183, -0.0012214481830596924, -0.0011632839450612664, -0.0011051198234781623, -0.0010469555854797363, -0.0009887914638966322, -0.0009306271676905453, -0.0008724629878997803, -0.0008142987499013543, -0.0007561345701105893, -0.0006979703903198242, -0.0006398061523213983, -0.0005816419725306332, -0.0005234777927398682, -0.0004653135547414422, -0.0004071493458468467, -0.00034898516605608165, -0.00029082095716148615, -0.00023265676281880587, -0.0001744925684761256, -0.0001163283595815301, -5.816417979076505e-05, 0.0, 5.816419798065908e-05, 0.00011632839596131817, 0.00017449259757995605, 0.00023265679192263633, 0.0002908209862653166, 0.0003489851951599121, 0.00040714937495067716, 0.0004653135547414422, 0.0005234777345322073, 0.0005816419725306332, 0.0006398061523213983, 0.0006979703321121633, 0.0007561345119029284, 0.0008142987499013543, 0.0008724629296921194, 0.0009306271676905453, 0.0009887913474813104, 0.0010469555854797363, 0.0011051197070628405, 0.0011632839450612664, 0.0012214481830596924, 0.0012796123046427965, 0.0013377765426412225, 0.0013959407806396484, 0.0014541050186380744, 0.0015122691402211785, 0.0015704333782196045, 0.0016285976162180305, 0.0016867617378011346, 0.0017449259757995605, 0.0018030900973826647, 0.0018612543353810906]}, "gradients/fc1.weight": {"_type": "histogram", "values": [1.0, 0.0, 0.0, 0.0, 0.0, 0.0, 0.0, 0.0, 0.0, 0.0, 0.0, 0.0, 2.0, 0.0, 2.0, 1.0, 2.0, 1.0, 2.0, 5.0, 9.0, 9.0, 9.0, 8.0, 10.0, 16.0, 30.0, 33.0, 33.0, 49.0, 78.0, 159.0, 265.0, 78.0, 49.0, 33.0, 33.0, 30.0, 16.0, 10.0, 8.0, 9.0, 9.0, 9.0, 5.0, 2.0, 1.0, 2.0, 1.0, 2.0, 0.0, 2.0, 0.0, 0.0, 0.0, 0.0, 0.0, 0.0, 0.0, 0.0, 0.0, 0.0, 0.0, 1.0], "bins": [-0.03987646847963333, -0.03863032907247543, -0.037384189665317535, -0.03613805025815964, -0.03489191085100174, -0.03364577144384384, -0.032399632036685944, -0.031153490766882896, -0.029907351359725, -0.0286612119525671, -0.027415072545409203, -0.026168933138251305, -0.024922791868448257, -0.02367665246129036, -0.02243051305413246, -0.021184373646974564, -0.019938234239816666, -0.018692094832658768, -0.01744595542550087, -0.016199816018342972, -0.0149536756798625, -0.013707536272704601, -0.012461395934224129, -0.01121525652706623, -0.009969117119908333, -0.008722977712750435, -0.00747683783993125, -0.006230697967112064, -0.004984558559954166, -0.0037384191527962685, -0.002492279279977083, -0.001246139407157898, 0.0, 0.0012461396399885416, 0.002492279279977083, 0.003738418919965625, 0.004984558559954166, 0.006230697967112064, 0.00747683783993125, 0.008722977712750435, 0.009969117119908333, 0.01121525652706623, 0.012461395934224129, 0.013707536272704601, 0.0149536756798625, 0.016199816018342972, 0.01744595542550087, 0.018692094832658768, 0.019938234239816666, 0.021184373646974564, 0.02243051305413246, 0.02367665246129036, 0.024922791868448257, 0.026168931275606155, 0.027415072545409203, 0.0286612119525671, 0.029907351359725, 0.031153490766882896, 0.032399632036685944, 0.03364577144384384, 0.03489191085100174, 0.03613805025815964, 0.037384189665317535, 0.03863032907247543, 0.03987646847963333]}, "gradients/cnn2.weight": {"_type": "histogram", "values": [1.0, 1.0, 1.0, 2.0, 0.0, 2.0, 3.0, 3.0, 6.0, 7.0, 10.0, 2.0, 7.0, 12.0, 9.0, 17.0, 21.0, 22.0, 18.0, 25.0, 40.0, 41.0, 50.0, 58.0, 75.0, 92.0, 113.0, 162.0, 202.0, 299.0, 362.0, 516.0, 852.0, 1519.0, 5205.0, 1317.0, 575.0, 308.0, 206.0, 154.0, 123.0, 91.0, 69.0, 54.0, 39.0, 31.0, 22.0, 12.0, 9.0, 9.0, 5.0, 4.0, 2.0, 3.0, 3.0, 1.0, 0.0, 1.0, 1.0, 0.0, 2.0, 2.0, 1.0, 1.0], "bins": [-0.04272368550300598, -0.041493840515613556, -0.04026399552822113, -0.039034150540828705, -0.03780430555343628, -0.036574460566043854, -0.03534461557865143, -0.034114766865968704, -0.03288492187857628, -0.03165507689118385, -0.030425231903791428, -0.029195386916399002, -0.027965540066361427, -0.026735695078969002, -0.025505850091576576, -0.024276003241539, -0.023046160116791725, -0.0218163151293993, -0.020586470142006874, -0.0193566232919693, -0.018126778304576874, -0.016896933317184448, -0.015667088329792023, -0.014437242411077023, -0.013207398355007172, -0.011977553367614746, -0.010747707448899746, -0.00951786246150732, -0.00828801654279232, -0.007058171555399895, -0.005828326568007469, -0.004598480649292469, -0.003368634730577469, -0.002138789277523756, -0.0009089440573006868, 0.00032090116292238235, 0.0015507466159760952, 0.002780592069029808, 0.004010437056422234, 0.005240282975137234, 0.006470128893852234, 0.007699974346905947, 0.00892981979995966, 0.010159664787352085, 0.011389510706067085, 0.01261935569345951, 0.013849200680851936, 0.015079046599566936, 0.016308890655636787, 0.017538735643029213, 0.01876858063042164, 0.019998427480459213, 0.02122827246785164, 0.022458117455244064, 0.02368796244263649, 0.024917807430028915, 0.02614765241742134, 0.027377497404813766, 0.028607342392206192, 0.029837187379598618, 0.031067034229636192, 0.03229688107967377, 0.03352672606706619, 0.03475657105445862, 0.035986416041851044]}, "gradients/cnn2.bias": {"_type": "histogram", "values": [1.0, 0.0, 0.0, 0.0, 0.0, 0.0, 0.0, 0.0, 0.0, 0.0, 0.0, 1.0, 0.0, 1.0, 0.0, 0.0, 0.0, 0.0, 1.0, 0.0, 0.0, 0.0, 0.0, 0.0, 1.0, 0.0, 1.0, 0.0, 1.0, 0.0, 0.0, 0.0, 3.0, 1.0, 0.0, 1.0, 1.0, 0.0, 1.0, 3.0, 2.0, 1.0, 4.0, 1.0, 0.0, 0.0, 3.0, 0.0, 1.0, 0.0, 0.0, 0.0, 0.0, 0.0, 0.0, 0.0, 0.0, 0.0, 0.0, 0.0, 0.0, 1.0, 1.0, 1.0], "bins": [-0.012466546148061752, -0.012175505049526691, -0.01188446395099163, -0.011593421921133995, -0.011302380822598934, -0.011011339724063873, -0.010720298625528812, -0.010429257526993752, -0.01013821642845869, -0.00984717532992363, -0.009556134231388569, -0.009265093132853508, -0.008974051102995872, -0.008683010004460812, -0.00839196890592575, -0.00810092780739069, -0.007809886243194342, -0.007518845144659281, -0.007227803580462933, -0.006936762481927872, -0.006645721383392811, -0.00635468028485775, -0.006063638720661402, -0.005772597622126341, -0.005481556057929993, -0.005190514959394932, -0.004899473395198584, -0.004608432296663523, -0.004317391198128462, -0.004026349633932114, -0.0037353085353970528, -0.003444267436861992, -0.003153226338326931, -0.0028621850069612265, -0.0025711439084261656, -0.002280102577060461, -0.0019890614785254, -0.0016980201471596956, -0.001406978815793991, -0.0011159377172589302, -0.0008248966187238693, -0.0005338554037734866, -0.000242814130615443, 4.822714254260063e-05, 0.00033926835749298334, 0.000630309572443366, 0.0009213509038090706, 0.0012123920023441315, 0.0015034335665404797, 0.0017944747814908624, 0.002085515996441245, 0.0023765573278069496, 0.0026675984263420105, 0.002958639757707715, 0.0032496810890734196, 0.0035407221876084805, 0.003831763518974185, 0.0041228048503398895, 0.00441384594887495, 0.004704887047410011, 0.0049959286116063595, 0.00528696971014142, 0.0055780112743377686, 0.0058690523728728294, 0.00616009347140789]}, "gradients/cnn1.weight": {"_type": "histogram",