{"accuracy": 0.7412741184234619, "loss": 0.0015488051576539874, "train_accuracy": 1.0, "Accuracy T-shirt or top": 0.7419689297676086, "Accuracy Trouser": 0.8717948794364929, "Accuracy Pullover": 0.5643564462661743, "Accuracy Dress": 0.7820137143135071, "Accuracy Coat": 0.6857143044471741, "Accuracy Sandal": 0.816942572593689, "Accuracy Shirt": 0.3199174404144287, "Accuracy Sneaker": 0.8411703109741211, "Accuracy Bag": 0.8870967626571655, "Accuracy Boot": 0.8880233764648438, "_timestamp": 1657725493, "_runtime": 344, "_step": 19, "_wandb": {"runtime": 350}}