{"accuracy": 0.7770000100135803, "loss": 0.031622257083654404, "train_accuracy": 1.0, "Accuracy T-shirt or top": 0.7620000243186951, "Accuracy Trouser": 0.7919999957084656, "Accuracy Pullover": NaN, "Accuracy Dress": NaN, "Accuracy Coat": NaN, "Accuracy Sandal": NaN, "Accuracy Shirt": NaN, "Accuracy Sneaker": NaN, "Accuracy Bag": NaN, "Accuracy Boot": NaN, "margin_ratio": 1.0, "_timestamp": 1656493483, "_runtime": 3473, "_step": 999, "gradients/fc1.bias": {"_type": "histogram", "values": [1.0, 0.0, 0.0, 0.0, 0.0, 0.0, 0.0, 0.0, 0.0, 0.0, 0.0, 0.0, 0.0, 0.0, 0.0, 0.0, 0.0, 0.0, 0.0, 0.0, 0.0, 0.0, 0.0, 0.0, 0.0, 0.0, 0.0, 0.0, 0.0, 0.0, 0.0, 0.0, 0.0, 0.0, 0.0, 0.0, 0.0, 0.0, 0.0, 0.0, 0.0, 0.0, 0.0, 0.0, 0.0, 0.0, 0.0, 0.0, 0.0, 0.0, 0.0, 0.0, 0.0, 0.0, 0.0, 0.0, 0.0, 0.0, 0.0, 0.0, 0.0, 0.0, 0.0, 1.0], "bins": [-0.00026555871590971947, -0.0002572599914856255, -0.000248961296165362, -0.00024066258629318327, -0.00023236387642100453, -0.0002240651665488258, -0.00021576645667664707, -0.00020746774680446833, -0.0001991690369322896, -0.00019087032706011087, -0.00018257161718793213, -0.0001742729073157534, -0.00016597419744357467, -0.00015767548757139593, -0.0001493767776992172, -0.00014107806782703847, -0.00013277935795485973, -0.000124480648082681, -0.00011618193821050227, -0.00010788322833832353, -9.95845184661448e-05, -9.128580859396607e-05, -8.298709872178733e-05, -7.46883888496086e-05, -6.638967897742987e-05, -5.8090969105251133e-05, -4.97922592330724e-05, -4.149354936089367e-05, -3.3194839488714933e-05, -2.48961296165362e-05, -1.6597419744357467e-05, -8.298709872178733e-06, 0.0, 8.298709872178733e-06, 1.6597419744357467e-05, 2.48961296165362e-05, 3.3194839488714933e-05, 4.149354936089367e-05, 4.97922592330724e-05, 5.8090969105251133e-05, 6.638967897742987e-05, 7.46883888496086e-05, 8.298709872178733e-05, 9.128580859396607e-05, 9.95845184661448e-05, 0.00010788322833832353, 0.00011618193821050227, 0.000124480648082681, 0.00013277935795485973, 0.00014107806782703847, 0.0001493767776992172, 0.00015767548757139593, 0.00016597419744357467, 0.0001742729073157534, 0.00018257161718793213, 0.00019087032706011087, 0.0001991690369322896, 0.00020746774680446833, 0.00021576645667664707, 0.0002240651665488258, 0.00023236387642100453, 0.00024066258629318327, 0.000248961296165362, 0.0002572599914856255, 0.00026555871590971947]}, "gradients/fc1.weight": {"_type": "histogram", "values": [1.0, 0.0, 0.0, 0.0, 0.0, 0.0, 0.0, 0.0, 0.0, 0.0, 0.0, 0.0, 0.0, 0.0, 0.0, 1.0, 0.0, 2.0, 0.0, 3.0, 5.0, 0.0, 0.0, 1.0, 4.0, 9.0, 19.0, 35.0, 37.0, 60.0, 90.0, 210.0, 280.0, 90.0, 60.0, 37.0, 35.0, 19.0, 9.0, 4.0, 1.0, 0.0, 0.0, 5.0, 3.0, 0.0, 2.0, 0.0, 1.0, 0.0, 0.0, 0.0, 0.0, 0.0, 0.0, 0.0, 0.0, 0.0, 0.0, 0.0, 0.0, 0.0, 0.0, 1.0], "bins": [-0.04017172008752823, -0.03891635313630104, -0.03766098618507385, -0.03640562295913696, -0.035150256007909775, -0.03389488905668259, -0.0326395221054554, -0.03138415515422821, -0.03012879006564617, -0.028873423114418983, -0.027618058025836945, -0.026362691074609756, -0.02510732412338257, -0.02385195903480053, -0.02259659208357334, -0.021341226994991302, -0.020085860043764114, -0.018830493092536926, -0.017575128003954887, -0.0163197610527277, -0.015064395032823086, -0.013809029012918472, -0.012553662061691284, -0.01129829604178667, -0.010042930021882057, -0.008787564001977444, -0.007532197516411543, -0.006276831030845642, -0.005021465010941029, -0.003766098991036415, -0.0025107325054705143, -0.0012553660199046135, 0.0, 0.0012553662527352571, 0.0025107325054705143, 0.0037660987582057714, 0.005021465010941029, 0.006276831030845642, 0.007532197516411543, 0.008787564001977444, 0.010042930021882057, 0.01129829604178667, 0.012553662061691284, 0.013809029012918472, 0.015064395032823086, 0.0163197610527277, 0.017575128003954887, 0.018830493092536926, 0.020085860043764114, 0.021341226994991302, 0.02259659208357334, 0.02385195903480053, 0.02510732412338257, 0.026362691074609756, 0.027618058025836945, 0.028873424977064133, 0.03012879006564617, 0.03138415515422821, 0.0326395221054554, 0.03389488905668259, 0.035150256007909775, 0.03640562295913696, 0.03766098618507385, 0.03891635313630104, 0.04017172008752823]}, "gradients/cnn2.weight": {"_type": "histogram", "values": [2.0, 1.0, 2.0, 1.0, 5.0, 3.0, 10.0, 5.0, 11.0, 7.0, 12.0, 15.0, 27.0, 20.0, 25.0, 31.0, 24.0, 28.0, 38.0, 23.0, 38.0, 40.0, 52.0, 64.0, 91.0, 134.0, 187.0, 274.0, 327.0, 574.0, 1122.0, 5083.0, 1859.0, 688.0, 411.0, 297.0, 220.0, 167.0, 112.0, 91.0, 71.0, 73.0, 85.0, 86.0, 58.0, 69.0, 47.0, 41.0, 26.0, 28.0, 16.0, 16.0, 16.0, 10.0, 3.0, 3.0, 13.0, 7.0, 4.0, 3.0, 0.0, 2.0, 0.0, 2.0], "bins": [-0.026278268545866013, -0.025451986119151115, -0.024625703692436218, -0.02379942126572132, -0.022973138839006424, -0.022146858274936676, -0.02132057398557663, -0.02049429342150688, -0.019668010994791985, -0.018841728568077087, -0.01801544614136219, -0.017189163714647293, -0.016362881287932396, -0.015536599792540073, -0.014710317365825176, -0.013884035870432854, -0.013057752512395382, -0.012231470085680485, -0.011405187658965588, -0.010578906163573265, -0.009752623736858368, -0.00892634131014347, -0.008100058883428574, -0.007273776922374964, -0.006447494029998779, -0.005621211603283882, -0.004794929642230272, -0.003968647215515375, -0.0031423650216311216, -0.002316082827746868, -0.001489800401031971, -0.0006635184399783611, 0.00016276352107524872, 0.0009890457149595022, 0.0018153280252590775, 0.002641610335558653, 0.0034678925294429064, 0.00429417472332716, 0.005120457150042057, 0.005946739111095667, 0.006773021072149277, 0.007599303498864174, 0.008425585925579071, 0.009251868352293968, 0.01007814984768629, 0.010904432274401188, 0.011730714701116085, 0.012556996196508408, 0.01338327955454588, 0.014209561981260777, 0.015035844407975674, 0.015862125903367996, 0.016688408330082893, 0.01751469075679779, 0.018340973183512688, 0.019167255610227585, 0.019993538036942482, 0.02081982046365738, 0.021646102890372276, 0.022472385317087173, 0.02329866774380207, 0.024124950170516968, 0.024951230734586716, 0.025777513161301613, 0.02660379558801651]}, "gradients/cnn2.bias": {"_type": "histogram", "values": [1.0, 0.0, 0.0, 2.0, 0.0, 0.0, 0.0, 0.0, 1.0, 0.0, 0.0, 0.0, 0.0, 0.0, 0.0, 0.0, 0.0, 0.0, 0.0, 0.0, 0.0, 1.0, 1.0, 1.0, 0.0, 2.0, 0.0, 1.0, 0.0, 2.0, 2.0, 0.0, 0.0, 4.0, 1.0, 0.0, 0.0, 1.0, 1.0, 0.0, 1.0, 1.0, 0.0, 0.0, 0.0, 0.0, 0.0, 0.0, 0.0, 1.0, 1.0, 0.0, 0.0, 0.0, 0.0, 2.0, 0.0, 1.0, 1.0, 1.0, 0.0, 0.0, 0.0, 2.0], "bins": [-0.006169622298330069, -0.005991972517222166, -0.005814323201775551, -0.005636673420667648, -0.005459023639559746, -0.005281374324113131, -0.005103724543005228, -0.004926075227558613, -0.00474842544645071, -0.004570775665342808, -0.0043931263498961926, -0.00421547656878829, -0.004037827253341675, -0.0038601774722337723, -0.0036825276911258698, -0.003504878142848611, -0.003327228594571352, -0.003149579046294093, -0.0029719294980168343, -0.0027942797169089317, -0.002616630168631673, -0.002438980620354414, -0.0022613308392465115, -0.0020836812909692526, -0.0019060317426919937, -0.0017283821944147348, -0.0015507325297221541, -0.0013730828650295734, -0.0011954333167523146, -0.0010177837684750557, -0.000840134103782475, -0.0006624844390898943, -0.0004848348908126354, -0.00030718528432771564, -0.00012953567784279585, 4.811392864212394e-05, 0.00022576353512704372, 0.0004034131416119635, 0.0005810627480968833, 0.000758712412789464, 0.0009363619610667229, 0.0011140115093439817, 0.0012916611740365624, 0.0014693108387291431, 0.001646960387006402, 0.0018246099352836609, 0.0020022597163915634, 0.0021799092646688223, 0.002357558812946081, 0.00253520836122334, 0.002712857909500599, 0.0028905076906085014, 0.0030681572388857603, 0.003245806787163019, 0.0034234565682709217, 0.0036011061165481806, 0.0037787556648254395, 0.003956405445933342, 0.004134054761379957, 0.00431170454248786, 0.004489353857934475, 0.0046670036390423775, 0.00484465342015028, 0.0050223032012581825, 0.005199952516704798]},