{"accuracy": 0.1502150148153305, "loss": 4.554320812225342, "train_accuracy": 0.08203125, "Accuracy T-shirt or top": 0.7606217861175537, "Accuracy Trouser": 0.0, "Accuracy Pullover": 0.0, "Accuracy Dress": 0.0, "Accuracy Coat": 0.0, "Accuracy Sandal": 0.013631938025355339, "Accuracy Shirt": 0.0567595474421978, "Accuracy Sneaker": 0.7304075360298157, "Accuracy Bag": 0.0, "Accuracy Boot": 0.0, "_timestamp": 1655477969, "_runtime": 37, "_step": 0, "_wandb": {"runtime": 50}}