{"accuracy": 0.777999997138977, "loss": 0.15925133228302002, "train_accuracy": 1.0, "Accuracy T-shirt or top": 0.7940000295639038, "Accuracy Trouser": 0.7620000243186951, "Accuracy Pullover": NaN, "Accuracy Dress": NaN, "Accuracy Coat": NaN, "Accuracy Sandal": NaN, "Accuracy Shirt": NaN, "Accuracy Sneaker": NaN, "Accuracy Bag": NaN, "Accuracy Boot": NaN, "margin_ratio": 0.015625, "_timestamp": 1656488927, "_runtime": 824, "_step": 999, "gradients/fc1.bias": {"_type": "histogram", "values": [1.0, 0.0, 0.0, 0.0, 0.0, 0.0, 0.0, 0.0, 0.0, 0.0, 0.0, 0.0, 0.0, 0.0, 0.0, 0.0, 0.0, 0.0, 0.0, 0.0, 0.0, 0.0, 0.0, 0.0, 0.0, 0.0, 0.0, 0.0, 0.0, 0.0, 0.0, 0.0, 0.0, 0.0, 0.0, 0.0, 0.0, 0.0, 0.0, 0.0, 0.0, 0.0, 0.0, 0.0, 0.0, 0.0, 0.0, 0.0, 0.0, 0.0, 0.0, 0.0, 0.0, 0.0, 0.0, 0.0, 0.0, 0.0, 0.0, 0.0, 0.0, 0.0, 0.0, 1.0], "bins": [-0.020410384982824326, -0.019772561267018318, -0.01913473568856716, -0.018496911972761154, -0.017859086394309998, -0.01722126267850399, -0.016583437100052834, -0.015945613384246826, -0.015307788737118244, -0.014669964089989662, -0.01403213944286108, -0.013394314795732498, -0.01275649107992649, -0.012118665501475334, -0.011480841785669327, -0.010843017138540745, -0.010205192491412163, -0.00956736784428358, -0.008929543197154999, -0.008291718550026417, -0.007653894368559122, -0.00701606972143054, -0.006378245539963245, -0.005740420892834663, -0.005102596245706081, -0.004464771598577499, -0.003826947184279561, -0.0031891227699816227, -0.0025512981228530407, -0.0019134734757244587, -0.0012756490614265203, -0.000637824647128582, 0.0, 0.0006378245307132602, 0.0012756490614265203, 0.0019134735921397805, 0.0025512981228530407, 0.0031891227699816227, 0.003826947184279561, 0.004464771598577499, 0.005102596245706081, 0.005740420892834663, 0.006378245539963245, 0.00701606972143054, 0.007653894368559122, 0.008291719481348991, 0.008929543197154999, 0.00956736784428358, 0.010205192491412163, 0.010843017138540745, 0.011480841785669327, 0.012118666432797909, 0.01275649107992649, 0.013394314795732498, 0.01403213944286108, 0.014669964089989662, 0.015307788737118244, 0.015945613384246826, 0.016583437100052834, 0.01722126267850399, 0.017859086394309998, 0.018496911972761154, 0.01913473568856716, 0.01977255940437317, 0.020410384982824326]}, "gradients/fc1.weight": {"_type": "histogram", "values": [1.0, 0.0, 0.0, 0.0, 0.0, 0.0, 0.0, 0.0, 0.0, 0.0, 0.0, 0.0, 0.0, 0.0, 0.0, 1.0, 0.0, 4.0, 1.0, 4.0, 0.0, 5.0, 3.0, 4.0, 10.0, 8.0, 21.0, 16.0, 36.0, 58.0, 71.0, 241.0, 297.0, 71.0, 58.0, 36.0, 16.0, 21.0, 8.0, 10.0, 4.0, 3.0, 5.0, 0.0, 4.0, 1.0, 4.0, 0.0, 1.0, 0.0, 0.0, 0.0, 0.0, 0.0, 0.0, 0.0, 0.0, 0.0, 0.0, 0.0, 0.0, 0.0, 0.0, 1.0], "bins": [-0.13747015595436096, -0.13317421078681946, -0.12887826561927795, -0.12458232790231705, -0.12028639018535614, -0.11599044501781464, -0.11169449985027313, -0.10739855468273163, -0.10310261696577072, -0.09880667179822922, -0.09451073408126831, -0.0902147889137268, -0.0859188437461853, -0.0816229060292244, -0.07732696086168289, -0.07303102314472198, -0.06873507797718048, -0.06443913280963898, -0.06014319509267807, -0.055847249925136566, -0.05155130848288536, -0.047255367040634155, -0.04295942187309265, -0.038663480430841446, -0.03436753898859024, -0.030071597546339035, -0.02577565424144268, -0.021479710936546326, -0.01718376949429512, -0.012887828052043915, -0.00859188474714756, -0.0042959414422512054, 0.0, 0.00429594237357378, 0.00859188474714756, 0.01288782712072134, 0.01718376949429512, 0.021479710936546326, 0.02577565424144268, 0.030071597546339035, 0.03436753898859024, 0.038663480430841446, 0.04295942187309265, 0.047255367040634155, 0.05155130848288536, 0.055847249925136566, 0.06014319509267807, 0.06443913280963898, 0.06873507797718048, 0.07303102314472198, 0.07732696086168289, 0.0816229060292244, 0.0859188437461853, 0.0902147889137268, 0.09451073408126831, 0.09880667924880981, 0.10310261696577072, 0.10739856213331223, 0.11169449985027313, 0.11599044501781464, 0.12028639018535614, 0.12458232790231705, 0.12887826561927795, 0.13317421078681946, 0.13747015595436096]}, "gradients/cnn2.weight": {"_type": "histogram", "values": [1.0, 1.0, 0.0, 1.0, 0.0, 2.0, 0.0, 2.0, 3.0, 4.0, 6.0, 3.0, 5.0, 9.0, 7.0, 12.0, 14.0, 18.0, 36.0, 37.0, 29.0, 40.0, 69.0, 86.0, 135.0, 162.0, 224.0, 359.0, 542.0, 975.0, 3484.0, 3757.0, 656.0, 417.0, 315.0, 224.0, 174.0, 163.0, 127.0, 85.0, 82.0, 80.0, 81.0, 36.0, 33.0, 29.0, 41.0, 26.0, 28.0, 33.0, 28.0, 18.0, 11.0, 6.0, 7.0, 7.0, 3.0, 8.0, 14.0, 13.0, 13.0, 8.0, 7.0, 4.0], "bins": [-0.08782082051038742, -0.08498995006084442, -0.08215907961130142, -0.07932820916175842, -0.07649733126163483, -0.07366646081209183, -0.07083559036254883, -0.06800471991300583, -0.06517384946346283, -0.06234297901391983, -0.05951210856437683, -0.05668123438954353, -0.053850363940000534, -0.051019493490457535, -0.04818861931562424, -0.04535774886608124, -0.04252687841653824, -0.03969600796699524, -0.03686513751745224, -0.03403426334261894, -0.031203392893075943, -0.028372522443532944, -0.025541650131344795, -0.022710777819156647, -0.019879907369613647, -0.017049036920070648, -0.0142181646078825, -0.011387293227016926, -0.008556421846151352, -0.005725550465285778, -0.002894679084420204, -6.380677223205566e-05, 0.0027670711278915405, 0.005597942508757114, 0.008428813889622688, 0.011259685270488262, 0.014090556651353836, 0.016921427100896835, 0.019752299413084984, 0.022583171725273132, 0.02541404217481613, 0.02824491262435913, 0.03107578493654728, 0.03390665724873543, 0.03673752769827843, 0.039568398147821426, 0.042399272322654724, 0.04523014277219772, 0.04806101322174072, 0.05089188367128372, 0.05372275412082672, 0.05655362829566002, 0.05938449874520302, 0.06221536919474602, 0.06504624336957932, 0.06787711381912231, 0.07070798426866531, 0.07353885471820831, 0.07636972516775131, 0.07920059561729431, 0.08203147351741791, 0.08486234396696091, 0.0876932144165039, 0.0905240848660469, 0.0933549553155899]}, "gradients/cnn2.bias": {"_type": "histogram", "values": [1.0, 0.0, 0.0, 0.0, 0.0, 0.0, 2.0, 0.0, 0.0, 1.0, 0.0, 0.0, 1.0, 2.0, 0.0, 1.0, 2.0, 0.0, 1.0, 1.0, 3.0, 0.0, 2.0, 2.0, 2.0, 0.0, 0.0, 0.0, 1.0, 1.0, 1.0, 0.0, 0.0, 0.0, 0.0, 1.0, 0.0, 0.0, 1.0, 0.0, 1.0, 0.0, 1.0, 1.0, 1.0, 0.0, 0.0, 0.0, 0.0, 0.0, 0.0, 0.0, 0.0, 0.0, 0.0, 0.0, 0.0, 0.0, 0.0, 0.0, 1.0, 0.0, 0.0, 1.0], "bins": [-0.016588279977440834, -0.01587441936135292, -0.015160558745265007, -0.014446698129177094, -0.01373283751308918, -0.013018976897001266, -0.012305116280913353, -0.01159125566482544, -0.010877395048737526, -0.010163534432649612, -0.009449673816561699, -0.008735813200473785, -0.008021952584385872, -0.007308091968297958, -0.006594231817871332, -0.005880371201783419, -0.0051665110513567924, -0.004452650435268879, -0.0037387898191809654, -0.0030249294359236956, -0.002311068819835782, -0.0015972082037478685, -0.0008833478204905987, -0.00016948720440268517, 0.000544372946023941, 0.0012582335621118546, 0.001972094178199768, 0.002685954561457038, 0.0033998151775449514, 0.004113676026463509, 0.004827536176890135, 0.005541396792978048, 0.006255257874727249, 0.006969118490815163, 0.007682979106903076, 0.00839683972299099, 0.009110700339078903, 0.009824560955166817, 0.01053842157125473, 0.011252282187342644, 0.011966142803430557, 0.01268000341951847, 0.013393864035606384, 0.014107724651694298, 0.014821585267782211, 0.015535445883870125, 0.01624930649995804, 0.016963167116045952, 0.017677027732133865, 0.01839088834822178, 0.019104748964309692, 0.019818609580397606, 0.02053247019648552, 0.021246330812573433, 0.021960191428661346, 0.02267405204474926, 0.023387910798192024, 0.024101771414279938, 0.02481563203036785, 0.025529492646455765, 0.02624335326254368, 0.026957213878631592, 0.027671074494719505, 0.02838493511080742, 0.029098795726895332]}, "gradients/cnn1.weight": {"_type": "histogram",