{"accuracy": 0.16991698741912842, "loss": -17204271104.0, "train_accuracy": 0.19921875, "Accuracy T-shirt or top": 0.9616580605506897, "Accuracy Trouser": 0.0, "Accuracy Pullover": 0.0, "Accuracy Dress": 0.0, "Accuracy Coat": 0.0, "Accuracy Sandal": 0.0, "Accuracy Shirt": 0.0, "Accuracy Sneaker": 0.7951933145523071, "Accuracy Bag": 0.0, "Accuracy Boot": 0.009737098589539528, "_timestamp": 1657750548, "_runtime": 25011, "_step": 157, "_wandb": {"runtime": 25009}}