{"accuracy": 0.45994600653648376, "loss": -57.395389556884766, "train_accuracy": 0.62890625, "Accuracy T-shirt or top": 0.7492228150367737, "Accuracy Trouser": 0.3540433943271637, "Accuracy Pullover": 0.0009900990407913923, "Accuracy Dress": 0.34017595648765564, "Accuracy Coat": 0.07881773263216019, "Accuracy Sandal": 0.6523855924606323, "Accuracy Shirt": 0.0, "Accuracy Sneaker": 0.8892372250556946, "Accuracy Bag": 0.8810483813285828, "Accuracy Boot": 0.6747809052467346, "_timestamp": 1657725869, "_runtime": 332, "_step": 12}