{"accuracy": 0.6794999837875366, "loss": 0.2310037910938263, "train_accuracy": 0.71875, "Accuracy T-shirt or top": 0.5680000185966492, "Accuracy Trouser": 0.7910000085830688, "Accuracy Pullover": NaN, "Accuracy Dress": NaN, "Accuracy Coat": NaN, "Accuracy Sandal": NaN, "Accuracy Shirt": NaN, "Accuracy Sneaker": NaN, "Accuracy Bag": NaN, "Accuracy Boot": NaN, "margin_ratio": 0.0, "_timestamp": 1656518015, "_runtime": 881, "_step": 999, "gradients/fc1.bias": {"_type": "histogram", "values": [1.0, 0.0, 0.0, 0.0, 0.0, 0.0, 0.0, 0.0, 0.0, 0.0, 0.0, 0.0, 0.0, 0.0, 0.0, 0.0, 0.0, 0.0, 0.0, 0.0, 0.0, 0.0, 0.0, 0.0, 0.0, 0.0, 0.0, 0.0, 0.0, 0.0, 0.0, 0.0, 0.0, 0.0, 0.0, 0.0, 0.0, 0.0, 0.0, 0.0, 0.0, 0.0, 0.0, 0.0, 0.0, 0.0, 0.0, 0.0, 0.0, 0.0, 0.0, 0.0, 0.0, 0.0, 0.0, 0.0, 0.0, 0.0, 0.0, 0.0, 0.0, 0.0, 0.0, 1.0], "bins": [-0.0012205661041662097, -0.0011824234388768673, -0.0011442807735875249, -0.0011061379918828607, -0.0010679953265935183, -0.0010298526613041759, -0.0009917099960148335, -0.0009535672725178301, -0.0009154245490208268, -0.0008772818837314844, -0.0008391391602344811, -0.0008009964949451387, -0.0007628537714481354, -0.000724711106158793, -0.0006865684408694506, -0.0006484257173724473, -0.0006102830520831048, -0.0005721403867937624, -0.0005339976632967591, -0.0004958549980074167, -0.0004577122745104134, -0.000419569609221071, -0.00038142691482789814, -0.0003432842204347253, -0.0003051415551453829, -0.00026699886075221, -0.00022885616635903716, -0.00019071348651777953, -0.00015257079212460667, -0.00011442809773143381, -7.628541789017618e-05, -3.814272349700332e-05, 0.0, 3.814269075519405e-05, 7.62853815103881e-05, 0.00011442806862760335, 0.0001525707630207762, 0.00019071345741394907, 0.0002288561372552067, 0.00026699883164837956, 0.0003051415551453829, 0.00034328424953855574, 0.0003814269439317286, 0.000419569609221071, 0.0004577123327180743, 0.0004958549980074167, 0.0005339976632967591, 0.0005721403867937624, 0.0006102830520831048, 0.0006484257173724473, 0.0006865684408694506, 0.000724711106158793, 0.0007628538296557963, 0.0008009964949451387, 0.000839139218442142, 0.0008772818837314844, 0.0009154245490208268, 0.0009535672143101692, 0.0009917098795995116, 0.0010298526613041759, 0.0010679953265935183, 0.0011061379918828607, 0.001144280657172203, 0.0011824234388768673, 0.0012205661041662097]}, "gradients/fc1.weight": {"_type": "histogram", "values": [1.0, 0.0, 0.0, 1.0, 1.0, 0.0, 2.0, 0.0, 0.0, 2.0, 0.0, 0.0, 2.0, 1.0, 0.0, 1.0, 1.0, 4.0, 2.0, 2.0, 8.0, 8.0, 14.0, 14.0, 19.0, 22.0, 27.0, 34.0, 42.0, 46.0, 63.0, 130.0, 260.0, 63.0, 46.0, 42.0, 34.0, 27.0, 22.0, 19.0, 14.0, 14.0, 8.0, 8.0, 2.0, 2.0, 4.0, 1.0, 1.0, 0.0, 1.0, 2.0, 0.0, 0.0, 2.0, 0.0, 0.0, 2.0, 0.0, 1.0, 1.0, 0.0, 0.0, 1.0], "bins": [-0.01560494489967823, -0.015117290429770947, -0.014629635959863663, -0.014141981489956379, -0.013654327020049095, -0.013166672550141811, -0.012679018080234528, -0.01219136267900467, -0.01170370914041996, -0.011216054670512676, -0.010728400200605392, -0.010240745730698109, -0.009753091260790825, -0.009265436790883541, -0.008777782320976257, -0.008290126919746399, -0.007802472449839115, -0.007314817979931831, -0.006827163510024548, -0.006339509040117264, -0.00585185457020998, -0.005364200100302696, -0.004876545164734125, -0.004388890694826841, -0.0039012357592582703, -0.0034135812893509865, -0.0029259268194437027, -0.0024382721167057753, -0.0019506176467984915, -0.0014629631768912077, -0.0009753084741532803, -0.0004876540042459965, 0.0, 0.0004876545281149447, 0.0009753090562298894, 0.001462963642552495, 0.0019506181124597788, 0.0024382725823670626, 0.00292592728510499, 0.003413581755012274, 0.0039012357592582703, 0.004388890229165554, 0.004876544699072838, 0.005364199168980122, 0.005851853638887405, 0.006339508108794689, 0.00682716304436326, 0.007314817514270544, 0.007802472449839115, 0.008290126919746399, 0.008777781389653683, 0.009265435859560966, 0.00975309032946825, 0.010240744799375534, 0.010728400200605392, 0.011216053739190102, 0.01170370914041996, 0.012191363610327244, 0.012679018080234528, 0.013166672550141811, 0.013654327020049095, 0.014141981489956379, 0.014629635959863663, 0.015117291361093521, 0.01560494489967823]}, "gradients/cnn2.weight": {"_type": "histogram", "values": [2.0, 0.0, 1.0, 3.0, 2.0, 4.0, 6.0, 4.0, 10.0, 7.0, 4.0, 8.0, 6.0, 12.0, 10.0, 7.0, 11.0, 12.0, 13.0, 17.0, 12.0, 12.0, 27.0, 16.0, 29.0, 52.0, 72.0, 87.0, 148.0, 236.0, 378.0, 687.0, 1623.0, 5222.0, 1948.0, 707.0, 342.0, 213.0, 157.0, 92.0, 80.0, 72.0, 62.0, 64.0, 35.0, 37.0, 38.0, 27.0, 19.0, 35.0, 19.0, 15.0, 15.0, 16.0, 8.0, 13.0, 12.0, 10.0, 8.0, 6.0, 4.0, 2.0, 2.0, 2.0], "bins": [-0.006919853389263153, -0.0067143868654966354, -0.006508920807391405, -0.0063034542836248875, -0.006097988225519657, -0.0058925217017531395, -0.005687055177986622, -0.0054815891198813915, -0.005276123061776161, -0.0050706565380096436, -0.004865190479904413, -0.004659723956137896, -0.004454257898032665, -0.004248791374266148, -0.00404332485049963, -0.0038378587923943996, -0.003632392268627882, -0.003426925977692008, -0.003221459686756134, -0.0030159931629896164, -0.002810527104884386, -0.0026050605811178684, -0.0023995942901819944, -0.0021941279992461205, -0.001988661475479603, -0.0017831951845437288, -0.0015777288936078548, -0.001372262486256659, -0.001166796195320785, -0.0009613299043849111, -0.0007558634970337152, -0.0005503972060978413, -0.00034493114799261093, -0.0001394648279529065, 6.600149208679795e-05, 0.00027146784123033285, 0.00047693413216620684, 0.0006824004231020808, 0.0008878668304532766, 0.0010933331213891506, 0.001298799179494381, 0.001504265470430255, 0.001709731761366129, 0.0019151981687173247, 0.002120664343237877, 0.0023261308670043945, 0.0025315971579402685, 0.0027370634488761425, 0.00294252997264266, 0.003147996263578534, 0.003353462554514408, 0.0035589290782809258, 0.003764395136386156, 0.003969861660152674, 0.004175327718257904, 0.004380794242024422, 0.004586260765790939, 0.004791727289557457, 0.004997193347662687, 0.005202659871429205, 0.005408125929534435, 0.005613592453300953, 0.0058190589770674706, 0.006024525035172701, 0.006229991093277931]}, "gradients/cnn2.bias": {"_type": "histogram", "values": [1.0, 0.0, 0.0, 0.0, 1.0, 0.0, 0.0, 0.0, 0.0, 0.0, 0.0, 0.0, 0.0, 0.0, 0.0, 0.0, 0.0, 0.0, 0.0, 0.0, 0.0, 1.0, 0.0, 1.0, 0.0, 2.0, 0.0, 0.0, 0.0, 1.0, 1.0, 0.0, 1.0, 1.0, 2.0, 1.0, 3.0, 1.0, 3.0, 0.0, 1.0, 1.0, 2.0, 0.0, 1.0, 1.0, 1.0, 1.0, 0.0, 0.0, 0.0, 0.0, 0.0, 0.0, 1.0, 0.0, 0.0, 1.0, 0.0, 0.0, 1.0, 0.0, 0.0, 1.0],