{"accuracy": 0.6773677468299866, "loss": 0.5780087113380432, "train_accuracy": 0.76953125, "Accuracy T-shirt or top": 0.7025906443595886, "Accuracy Trouser": 0.8362919092178345, "Accuracy Pullover": 0.4544554352760315, "Accuracy Dress": 0.8162267804145813, "Accuracy Coat": 0.5034482479095459, "Accuracy Sandal": 0.7215189933776855, "Accuracy Shirt": 0.25902992486953735, "Accuracy Sneaker": 0.7868338823318481, "Accuracy Bag": 0.8941532373428345, "Accuracy Boot": 0.7887049913406372, "_timestamp": 1655479581, "_runtime": 334, "_step": 12}