{"accuracy": 0.7169716954231262, "loss": 1.4426913367060479e-05, "train_accuracy": 1.0, "Accuracy T-shirt or top": 0.7015544176101685, "Accuracy Trouser": 0.8017751574516296, "Accuracy Pullover": 0.5415841341018677, "Accuracy Dress": 0.7761485576629639, "Accuracy Coat": 0.6620689630508423, "Accuracy Sandal": 0.8364167213439941, "Accuracy Shirt": 0.3973168134689331, "Accuracy Sneaker": 0.7889237403869629, "Accuracy Bag": 0.8276209831237793, "Accuracy Boot": 0.8237585425376892, "_timestamp": 1655489863, "_runtime": 10616, "_step": 453}