{"accuracy": 0.7183718085289001, "loss": 0.00013719256094191223, "train_accuracy": 1.0, "Accuracy T-shirt or top": 0.7274611592292786, "Accuracy Trouser": 0.8106508851051331, "Accuracy Pullover": 0.5396039485931396, "Accuracy Dress": 0.7634408473968506, "Accuracy Coat": 0.6660098433494568, "Accuracy Sandal": 0.8266796469688416, "Accuracy Shirt": 0.3704850375652313, "Accuracy Sneaker": 0.7962382435798645, "Accuracy Bag": 0.8487903475761414, "Accuracy Boot": 0.8227847814559937, "_timestamp": 1655480829, "_runtime": 1582, "_step": 55}