{"accuracy": 0.7177717685699463, "loss": 2.1040787032688968e-05, "train_accuracy": 1.0, "Accuracy T-shirt or top": 0.7077720165252686, "Accuracy Trouser": 0.8047337532043457, "Accuracy Pullover": 0.5386138558387756, "Accuracy Dress": 0.7751710414886475, "Accuracy Coat": 0.6650246381759644, "Accuracy Sandal": 0.832521915435791, "Accuracy Shirt": 0.3973168134689331, "Accuracy Sneaker": 0.7878788113594055, "Accuracy Bag": 0.8296371102333069, "Accuracy Boot": 0.8266796469688416, "_timestamp": 1655485823, "_runtime": 6576, "_step": 280}