{"accuracy": 0.7179718017578125, "loss": 2.232393489975948e-05, "train_accuracy": 1.0, "Accuracy T-shirt or top": 0.7098445892333984, "Accuracy Trouser": 0.8047337532043457, "Accuracy Pullover": 0.5396039485931396, "Accuracy Dress": 0.7732160091400146, "Accuracy Coat": 0.6650246381759644, "Accuracy Sandal": 0.832521915435791, "Accuracy Shirt": 0.3973168134689331, "Accuracy Sneaker": 0.7878788113594055, "Accuracy Bag": 0.8306451439857483, "Accuracy Boot": 0.8266796469688416, "_timestamp": 1655485375, "_runtime": 6128, "_step": 259}