{"accuracy": 0.8982999920845032, "loss": 0.22342529892921448, "train_accuracy": 0.900600016117096, "Accuracy T-shirt or top": 0.8669999837875366, "Accuracy Trouser": 0.9789999723434448, "Accuracy Pullover": 0.8140000104904175, "Accuracy Dress": 0.9369999766349792, "Accuracy Coat": 0.8389999866485596, "Accuracy Sandal": 0.9599999785423279, "Accuracy Shirt": 0.6800000071525574, "Accuracy Sneaker": 0.9769999980926514, "Accuracy Bag": 0.9769999980926514, "Accuracy Boot": 0.953000009059906, "_timestamp": 1657993764, "_runtime": 1173, "_step": 2, "_wandb": {"runtime": 1433}}