{"accuracy": 0.5, "loss": 3.671071681310423e-05, "train_accuracy": 0.4375, "Accuracy T-shirt or top": 1.0, "Accuracy Trouser": 0.0, "Accuracy Pullover": NaN, "Accuracy Dress": NaN, "Accuracy Coat": NaN, "Accuracy Sandal": NaN, "Accuracy Shirt": NaN, "Accuracy Sneaker": NaN, "Accuracy Bag": NaN, "Accuracy Boot": NaN, "_timestamp": 1656583201, "_runtime": 954, "_step": 999, "gradients/fc1.bias": {"_type": "histogram", "values": [1.0, 0.0, 0.0, 0.0, 0.0, 0.0, 0.0, 0.0, 0.0, 0.0, 0.0, 0.0, 0.0, 0.0, 0.0, 0.0, 0.0, 0.0, 0.0, 0.0, 0.0, 0.0, 0.0, 0.0, 0.0, 0.0, 0.0, 0.0, 0.0, 0.0, 0.0, 0.0, 0.0, 0.0, 0.0, 0.0, 0.0, 0.0, 0.0, 0.0, 0.0, 0.0, 0.0, 0.0, 0.0, 0.0, 0.0, 0.0, 0.0, 0.0, 0.0, 0.0, 0.0, 0.0, 0.0, 0.0, 0.0, 0.0, 0.0, 0.0, 0.0, 0.0, 0.0, 1.0], "bins": [-1.7639059102236843e-09, -1.7087838921625575e-09, -1.6536617630791284e-09, -1.5985397450180017e-09, -1.5434176159345725e-09, -1.4882955978734458e-09, -1.433173579812319e-09, -1.37805145072889e-09, -1.3229294326677632e-09, -1.2678074146066365e-09, -1.2126852855232073e-09, -1.1575632674620806e-09, -1.1024412494009539e-09, -1.0473191203175247e-09, -9.92197102256398e-10, -9.370750841952713e-10, -8.819529551118421e-10, -8.268308815395642e-10, -7.717088079672862e-10, -7.165867899061595e-10, -6.614647163338816e-10, -6.063426427616037e-10, -5.512206247004769e-10, -4.96098551128199e-10, -4.4097647755592106e-10, -3.858544039836431e-10, -3.307323581669408e-10, -2.7561031235023847e-10, -2.2048823877796053e-10, -1.653661652056826e-10, -1.1024411938898027e-10, -5.512207357227794e-11, 0.0, 5.512205969449013e-11, 1.1024411938898027e-10, 1.653661790834704e-10, 2.2048823877796053e-10, 2.7561031235023847e-10, 3.307323581669408e-10, 3.858544039836431e-10, 4.4097647755592106e-10, 4.96098551128199e-10, 5.512206247004769e-10, 6.063426427616037e-10, 6.614647163338816e-10, 7.165867899061595e-10, 7.717088079672862e-10, 8.268308815395642e-10, 8.819529551118421e-10, 9.370749731729688e-10, 9.92197102256398e-10, 1.0473191203175247e-09, 1.1024412494009539e-09, 1.1575632674620806e-09, 1.2126852855232073e-09, 1.2678074146066365e-09, 1.3229294326677632e-09, 1.37805145072889e-09, 1.433173579812319e-09, 1.4882955978734458e-09, 1.5434176159345725e-09, 1.5985397450180017e-09, 1.6536617630791284e-09, 1.708783781140255e-09, 1.7639059102236843e-09]}, "gradients/fc1.weight": {"_type": "histogram", "values": [1.0, 0.0, 0.0, 3.0, 0.0, 1.0, 2.0, 2.0, 4.0, 5.0, 8.0, 3.0, 4.0, 6.0, 2.0, 4.0, 1.0, 6.0, 5.0, 3.0, 10.0, 9.0, 7.0, 10.0, 7.0, 6.0, 6.0, 10.0, 22.0, 29.0, 5.0, 95.0, 567.0, 5.0, 29.0, 22.0, 10.0, 6.0, 6.0, 7.0, 10.0, 7.0, 9.0, 10.0, 3.0, 5.0, 6.0, 1.0, 4.0, 2.0, 6.0, 4.0, 3.0, 8.0, 5.0, 4.0, 2.0, 2.0, 1.0, 0.0, 3.0, 0.0, 0.0, 1.0], "bins": [-7.37774485060072e-07, -7.147190217438038e-07, -6.916635584275355e-07, -6.686080951112672e-07, -6.455526886384177e-07, -6.224972253221495e-07, -5.994417620058812e-07, -5.763862986896129e-07, -5.533308922167635e-07, -5.302754289004952e-07, -5.072199655842269e-07, -4.841645022679586e-07, -4.6110909579510917e-07, -4.380536324788409e-07, -4.149981691625726e-07, -3.919427058463043e-07, -3.68887242530036e-07, -3.4583177921376773e-07, -3.227763443192089e-07, -2.997208810029406e-07, -2.7666544610838173e-07, -2.5360998279211344e-07, -2.3055451947584515e-07, -2.0749907037043158e-07, -1.8444359284330858e-07, -1.61388143737895e-07, -1.3833269463248143e-07, -1.1527723131621315e-07, -9.222178221079957e-08, -6.9166333105386e-08, -4.6110869789117714e-08, -2.3055420683704142e-08, 0.0, 2.305545265812725e-08, 4.61109053162545e-08, 6.916636152709543e-08, 9.2221810632509e-08, 1.1527725973792258e-07, 1.3833272305419086e-07, 1.6138817215960444e-07, 1.8444359284330858e-07, 2.0749904194872215e-07, 2.3055449105413572e-07, 2.53609954370404e-07, 2.7666538926496287e-07, 2.9972085258123116e-07, 3.2277631589749944e-07, 3.4583177921376773e-07, 3.68887242530036e-07, 3.919427058463043e-07, 4.1499814074086316e-07, 4.3805360405713145e-07, 4.611090389516903e-07, 4.841645022679586e-07, 5.072199655842269e-07, 5.302754289004952e-07, 5.533308922167635e-07, 5.763863555330317e-07, 5.994418188493e-07, 6.224972821655683e-07, 6.455526886384177e-07, 6.68608151954686e-07, 6.916636152709543e-07, 7.147190785872226e-07, 7.37774485060072e-07]}, "gradients/cnn2.weight": {"_type": "histogram", "values": [6.0, 6.0, 4.0, 1.0, 3.0, 0.0, 0.0, 1.0, 1.0, 1.0, 1.0, 0.0, 1.0, 0.0, 0.0, 0.0, 0.0, 0.0, 0.0, 0.0, 4.0, 7.0, 6.0, 3.0, 8.0, 4.0, 4.0, 5.0, 15.0, 14.0, 8.0, 9.0, 3.0, 5.0, 2.0, 2.0, 1.0, 10.0, 7.0, 3.0, 3.0, 12.0, 4.0, 13.0, 13.0, 13.0, 20.0, 27.0, 30.0, 54.0, 25.0, 12.0, 12.0, 36.0, 89.0, 100.0, 93.0, 115.0, 158.0, 184.0, 148.0, 154.0, 175.0, 11165.0], "bins": [-5.931868258812756e-07, -5.838921879330883e-07, -5.745976068283198e-07, -5.653029688801325e-07, -5.560083309319452e-07, -5.467136929837579e-07, -5.374190550355706e-07, -5.281244739308022e-07, -5.188298359826149e-07, -5.095351980344276e-07, -5.002406169296592e-07, -4.909459789814719e-07, -4.816513410332846e-07, -4.7235670308509725e-07, -4.630620935586194e-07, -4.537674840321415e-07, -4.444728460839542e-07, -4.351782081357669e-07, -4.2588359860928904e-07, -4.1658898908281117e-07, -4.0729435113462387e-07, -3.9799971318643657e-07, -3.887051036599587e-07, -3.794104941334808e-07, -3.701158561852935e-07, -3.608212182371062e-07, -3.5152660871062835e-07, -3.422319991841505e-07, -3.329373612359632e-07, -3.236427232877759e-07, -3.14348113761298e-07, -3.0505350423482014e-07, -2.9575886628663284e-07, -2.8646422833844554e-07, -2.7716961881196767e-07, -2.678750092854898e-07, -2.585803713373025e-07, -2.492857333891152e-07, -2.399911238626373e-07, -2.3069650012530474e-07, -2.2140187638797215e-07, -2.1210725265063957e-07, -2.0281262891330698e-07, -1.935180051759744e-07, -1.842233814386418e-07, -1.7492875770130922e-07, -1.6563413396397664e-07, -1.5633951022664405e-07, -1.4704488648931147e-07, -1.3775026275197888e-07, -1.284556390146463e-07, -1.1916101527731371e-07, -1.0986639153998112e-07, -1.0057176780264854e-07, -9.127714406531595e-08, -8.198252032798337e-08, -7.268789659065078e-08, -6.33932728533182e-08, -5.409864911598561e-08, -4.480402537865302e-08, -3.550940164132044e-08, -2.621477790398785e-08, -1.6920154166655266e-08, -7.62553042932268e-09, 1.6690933080099057e-09]}, "gradients/cnn2.bias": {"_type": "histogram", "values": [1.0, 0.0, 0.0, 0.0, 0.0, 0.0, 0.0, 0.0, 0.0, 0.0, 0.0, 0.0, 0.0, 0.0, 0.0, 0.0, 0.0, 0.0, 0.0, 1.0, 0.0, 0.0, 0.0, 0.0, 1.0, 1.0, 0.0, 1.0, 0.0, 0.0, 0.0, 0.0, 0.0, 0.0, 0.0, 0.0, 0.0, 1.0, 0.0, 0.0, 0.0, 0.0, 1.0, 0.0, 0.0, 0.0, 0.0, 1.0, 0.0, 0.0, 0.0, 0.0, 0.0, 0.0, 0.0, 0.0, 0.0, 0.0, 0.0, 1.0, 1.0, 1.0, 1.0, 20.0],