{"accuracy": 0.5792896151542664, "loss": 0.0008519394905306399, "train_accuracy": 1.0, "Accuracy Class1": 0.6687242984771729, "Accuracy Class2": 0.4946445822715759, "_timestamp": 1657701346, "_runtime": 47, "_step": 9, "_wandb": {"runtime": 46}}