{"accuracy": 0.7187718749046326, "loss": 0.14798316359519958, "train_accuracy": 0.98828125, "Accuracy T-shirt or top": 0.7616580128669739, "Accuracy Trouser": 0.8451676368713379, "Accuracy Pullover": 0.47821781039237976, "Accuracy Dress": 0.759530782699585, "Accuracy Coat": 0.6315270662307739, "Accuracy Sandal": 0.7633885145187378, "Accuracy Shirt": 0.3601651191711426, "Accuracy Sneaker": 0.8025078177452087, "Accuracy Bag": 0.8881048560142517, "Accuracy Boot": 0.8880233764648438, "_timestamp": 1657725100, "_runtime": 138, "_step": 7, "_wandb": {"runtime": 139}}