{"accuracy": 0.12290000170469284, "loss": 9000273838080.0, "train_accuracy": 0.1707800030708313, "Accuracy T-shirt or top": 0.07500000298023224, "Accuracy Trouser": 0.029999999329447746, "Accuracy Pullover": 0.32199999690055847, "Accuracy Dress": 0.003000000026077032, "Accuracy Coat": 0.03500000014901161, "Accuracy Sandal": 0.0, "Accuracy Shirt": 0.7459999918937683, "Accuracy Sneaker": 0.0010000000474974513, "Accuracy Bag": 0.0, "Accuracy Boot": 0.017000000923871994, "_timestamp": 1657992317, "_runtime": 403, "_step": 0, "_wandb": {"runtime": 611}}