{"err_train": 0.0, "err_test": 45.849998474121094, "estimator": {"_type": "histogram", "values": [2, 7, 29, 56, 107, 211, 413, 544, 749, 771, 645, 592, 393, 270, 121, 57, 23, 8, 0, 0, 1, 0, 0, 0, 0, 0, 0, 0, 0, 0, 0, 1], "bins": [-0.051432207226753235, -0.04606017470359802, -0.04068814218044281, -0.0353161096572876, -0.029944078996777534, -0.024572046473622322, -0.01920001581311226, -0.013827983289957047, -0.008455950766801834, -0.003083918709307909, 0.002288113348186016, 0.007660145405679941, 0.013032177463173866, 0.01840420998632908, 0.023776240646839142, 0.029148273169994354, 0.03452030569314957, 0.03989233821630478, 0.04526437073945999, 0.050636403262615204, 0.056008435785770416, 0.06138046458363533, 0.06675250083208084, 0.07212453335523605, 0.07749655842781067, 0.08286859095096588, 0.0882406234741211, 0.0936126559972763, 0.09898468852043152, 0.10435672104358673, 0.10972875356674194, 0.11510078608989716, 0.12047281861305237]}, "est_error": 1.3262940645217896, "difference": {"_type": "histogram", "values": [1, 0, 0, 0, 0, 0, 0, 0, 0, 0, 0, 0, 0, 0, 0, 0, 0, 0, 0, 0, 0, 0, 0, 0, 0, 0, 0, 0, 95, 2391, 2414, 99], "bins": [-0.87952721118927, -0.8502297401428223, -0.8209322094917297, -0.791634738445282, -0.7623372077941895, -0.7330397367477417, -0.7037422060966492, -0.6744447350502014, -0.6451472043991089, -0.6158497333526611, -0.5865522027015686, -0.5572547316551208, -0.5279572010040283, -0.49865972995758057, -0.4693622291088104, -0.4400647282600403, -0.41076722741127014, -0.3814697265625, -0.35217222571372986, -0.3228747248649597, -0.2935772240161896, -0.26427972316741943, -0.2349822223186493, -0.20568472146987915, -0.176387220621109, -0.14708973467350006, -0.11779222637414932, -0.08849472552537918, -0.05919722840189934, -0.029899731278419495, -0.000602231128141284, 0.02869526855647564, 0.05799276754260063]}, "aspect_ratio": 50.0, "_timestamp": 1656510372, "_runtime": 8, "_step": 0, "_wandb": {"runtime": 5}}